latency_ms,packet_loss_percent,bandwidth_mbps,throughput_mbps,device_status,link_status,change_type,impact
124.64,14.96,34.75,21.89,1,1,packet_loss,high
104.31,23.66,67.24,43.3,1,1,packet_loss,high
83.43,11.91,45.1,33.49,1,1,packet_loss,high
95.77,7.11,65.18,40.77,1,1,packet_loss,high
77.13,4.78,49.47,39.47,1,1,high_latency,medium
101.77,12.43,30.06,15.18,1,1,packet_loss,high
84.06,7.19,68.43,37.89,1,1,packet_loss,high
79.89,23.91,68.25,43.28,1,1,packet_loss,high
230.11,91.94,9.28,4.65,0,0,router_failure,high
26.63,0.54,73.41,64.91,1,1,normal,low
395.75,83.43,5.0,2.06,0,0,router_failure,high
30.41,1.46,85.49,69.64,1,1,normal,low
70.63,14.75,33.49,18.18,1,1,packet_loss,high
387.1,88.57,7.31,4.12,0,0,router_failure,high
259.86,93.82,2.72,0.95,0,0,router_failure,high
230.44,91.05,3.72,3.31,0,0,router_failure,high
141.1,5.78,75.17,59.6,1,1,high_latency,medium
264.19,85.99,2.33,0.65,0,0,router_failure,high
408.26,94.09,4.23,1.73,0,0,router_failure,high
89.36,5.93,49.99,34.97,1,1,high_latency,medium
115.24,22.29,54.6,29.11,1,1,packet_loss,high
15.1,0.87,74.63,63.15,1,1,normal,low
95.97,2.83,58.87,44.66,1,1,high_latency,medium
93.23,24.67,36.33,17.1,1,1,packet_loss,high
5.46,1.0,75.34,70.99,1,1,normal,low
14.59,0.83,89.54,82.02,1,1,normal,low
16.2,1.34,81.68,61.43,1,1,normal,low
185.09,80.33,6.62,3.01,0,0,router_failure,high
474.49,99.4,5.71,0.72,0,0,router_failure,high
191.55,99.61,2.15,0.34,0,0,router_failure,high
122.54,2.63,72.07,42.47,1,1,high_latency,medium
9.69,0.04,92.65,80.99,1,1,normal,low
115.52,24.62,51.75,36.34,1,1,packet_loss,high
146.53,1.34,47.0,29.83,1,1,high_latency,medium
135.43,1.6,64.06,35.34,1,1,high_latency,medium
22.71,0.92,70.54,65.21,1,1,normal,low
157.33,17.72,47.47,30.19,1,1,packet_loss,high
114.75,12.38,35.45,19.38,1,1,packet_loss,high
226.55,83.66,8.26,1.43,0,0,router_failure,high
14.83,0.04,89.36,70.19,1,1,normal,low
113.81,5.09,60.83,45.2,1,1,high_latency,medium
30.73,1.21,78.46,61.63,1,1,normal,low
143.67,4.08,72.88,50.61,1,1,high_latency,medium
201.25,96.66,5.4,4.22,0,0,router_failure,high
147.88,5.84,71.24,41.96,1,1,high_latency,medium
125.68,1.77,73.55,45.41,1,1,high_latency,medium
486.52,93.36,9.33,1.33,0,0,router_failure,high
141.25,17.12,46.41,22.1,1,1,packet_loss,high
146.77,3.44,48.84,34.89,1,1,high_latency,medium
259.84,84.83,2.15,2.12,0,0,router_failure,high
90.53,12.24,51.26,21.32,1,1,packet_loss,high
179.79,87.71,0.71,1.05,0,0,router_failure,high
140.88,4.08,53.15,29.62,1,1,high_latency,medium
119.23,19.05,74.68,33.31,1,1,packet_loss,high
31.63,0.84,93.13,79.04,1,1,normal,low
33.26,1.34,79.54,61.41,1,1,normal,low
117.07,15.86,40.25,29.68,1,1,packet_loss,high
9.27,0.74,71.03,66.19,1,1,normal,low
33.0,0.27,89.58,71.45,1,1,normal,low
307.95,83.67,8.55,4.41,0,0,router_failure,high
78.2,5.69,69.08,39.4,1,1,high_latency,medium
16.39,1.12,89.49,82.32,1,1,normal,low
141.14,11.5,60.88,25.84,1,1,packet_loss,high
37.02,0.54,87.42,76.62,1,1,normal,low
106.1,5.78,31.39,16.82,1,1,packet_loss,high
120.07,18.59,33.43,16.59,1,1,packet_loss,high
111.93,14.15,39.4,20.84,1,1,packet_loss,high
212.77,94.1,4.55,3.34,0,0,router_failure,high
36.15,0.51,81.27,62.48,1,1,normal,low
80.99,22.11,40.22,27.87,1,1,packet_loss,high
17.28,0.18,74.29,67.03,1,1,normal,low
91.85,3.59,55.46,46.15,1,1,high_latency,medium
61.4,13.44,43.28,24.67,1,1,packet_loss,high
162.78,19.02,62.72,37.43,1,1,packet_loss,high
70.51,2.44,66.59,56.23,1,1,high_latency,medium
82.69,5.4,75.51,42.2,1,1,high_latency,medium
144.84,6.25,67.77,27.2,1,1,packet_loss,high
28.52,1.14,77.13,69.08,1,1,normal,low
168.29,6.33,54.03,24.3,1,1,packet_loss,high
148.72,3.05,76.29,47.22,1,1,high_latency,medium
137.58,24.48,68.12,27.81,1,1,packet_loss,high
35.71,1.11,90.91,80.96,1,1,normal,low
74.63,5.85,75.93,62.9,1,1,high_latency,medium
17.58,0.44,94.28,85.99,1,1,normal,low
132.39,1.2,61.82,35.95,1,1,high_latency,medium
140.49,16.21,34.99,19.47,1,1,packet_loss,high
413.36,81.03,4.93,2.21,0,0,router_failure,high
86.5,5.78,31.62,14.59,1,1,packet_loss,high
257.37,87.06,6.21,1.67,0,0,router_failure,high
97.16,5.07,47.8,39.12,1,1,high_latency,medium
134.24,3.7,55.9,40.98,1,1,high_latency,medium
97.98,4.87,68.15,41.27,1,1,high_latency,medium
158.65,12.61,64.9,47.87,1,1,packet_loss,high
27.54,0.61,70.76,55.28,1,1,normal,low
425.59,89.09,6.3,1.24,0,0,router_failure,high
103.29,3.41,45.67,28.68,1,1,high_latency,medium
361.27,81.54,0.76,4.76,0,0,router_failure,high
28.05,0.24,72.12,63.35,1,1,normal,low
34.79,0.48,75.08,64.68,1,1,normal,low
227.04,87.01,3.73,0.34,0,0,router_failure,high
112.39,16.6,53.25,35.44,1,1,packet_loss,high
123.1,3.37,74.55,59.02,1,1,high_latency,medium
152.41,84.25,6.64,2.06,0,0,router_failure,high
145.54,3.37,75.17,60.39,1,1,high_latency,medium
139.02,20.32,68.07,41.84,1,1,packet_loss,high
177.48,17.07,46.1,28.89,1,1,packet_loss,high
159.53,10.63,69.27,30.44,1,1,packet_loss,high
476.39,82.37,9.34,3.42,0,0,router_failure,high
7.81,0.79,82.31,77.91,1,1,normal,low
158.74,88.98,2.37,0.25,0,0,router_failure,high
82.11,22.88,59.44,26.94,1,1,packet_loss,high
286.29,90.84,9.68,0.33,0,0,router_failure,high
415.05,97.96,0.84,1.97,0,0,router_failure,high
427.47,81.38,4.74,2.8,0,0,router_failure,high
18.95,0.92,89.05,67.6,1,1,normal,low
135.12,4.08,55.72,41.07,1,1,high_latency,medium
18.74,1.22,83.17,68.65,1,1,normal,low
152.23,99.57,9.66,1.98,0,0,router_failure,high
69.53,19.63,38.43,26.92,1,1,packet_loss,high
132.39,1.53,71.64,51.03,1,1,high_latency,medium
421.97,97.24,3.14,2.69,0,0,router_failure,high
147.27,3.16,55.91,39.24,1,1,high_latency,medium
82.99,23.36,34.58,19.96,1,1,packet_loss,high
113.16,4.95,56.16,41.43,1,1,high_latency,medium
35.59,0.9,88.02,77.72,1,1,normal,low
167.08,8.71,33.55,16.23,1,1,packet_loss,high
132.46,18.73,35.15,18.78,1,1,packet_loss,high
73.07,5.51,61.15,45.32,1,1,high_latency,medium
443.08,83.39,0.19,3.9,0,0,router_failure,high
343.68,90.06,1.94,4.29,0,0,router_failure,high
78.54,5.51,59.06,36.79,1,1,packet_loss,high
438.9,96.9,2.49,2.88,0,0,router_failure,high
139.89,5.92,71.89,48.55,1,1,high_latency,medium
441.33,96.11,2.24,1.13,0,0,router_failure,high
112.84,17.31,33.76,23.93,1,1,packet_loss,high
28.02,0.85,72.81,59.96,1,1,normal,low
27.03,1.04,83.64,73.22,1,1,normal,low
32.14,0.68,85.73,71.86,1,1,normal,low
6.1,0.95,79.43,67.65,1,1,normal,low
15.03,0.89,70.92,53.72,1,1,normal,low
29.18,0.58,98.1,76.27,1,1,normal,low
13.62,1.23,93.98,83.54,1,1,normal,low
68.28,23.82,52.81,28.69,1,1,packet_loss,high
122.42,3.75,48.04,32.31,1,1,high_latency,medium
444.04,99.79,8.9,1.86,0,0,router_failure,high
269.14,90.21,6.15,4.55,0,0,router_failure,high
295.52,88.58,5.41,3.48,0,0,router_failure,high
25.83,0.08,84.89,73.8,1,1,normal,low
465.62,84.07,0.67,4.39,0,0,router_failure,high
96.12,3.59,48.08,31.5,1,1,high_latency,medium
98.58,14.53,40.17,25.07,1,1,packet_loss,high
22.91,0.8,73.22,61.46,1,1,normal,low
350.56,86.5,0.39,1.36,0,0,router_failure,high
74.62,4.48,79.43,49.39,1,1,high_latency,medium
322.49,86.0,5.96,2.17,0,0,router_failure,high
140.95,4.23,55.01,43.72,1,1,high_latency,medium
139.15,3.37,78.89,47.78,1,1,high_latency,medium
174.17,24.9,62.03,46.11,1,1,packet_loss,high
37.92,1.43,97.45,80.3,1,1,normal,low
239.76,87.11,6.74,0.31,0,0,router_failure,high
158.69,22.15,71.25,39.25,1,1,packet_loss,high
237.81,93.52,7.07,3.05,0,0,router_failure,high
92.57,14.93,42.79,19.12,1,1,packet_loss,high
135.55,6.09,63.69,32.55,1,1,packet_loss,high
246.35,83.12,6.36,3.0,0,0,router_failure,high
145.58,8.98,70.06,35.07,1,1,packet_loss,high
97.67,4.1,46.6,37.81,1,1,high_latency,medium
116.4,22.8,61.85,26.09,1,1,packet_loss,high
86.04,3.46,47.25,34.23,1,1,high_latency,medium
139.49,4.88,71.98,57.83,1,1,high_latency,medium
139.45,1.89,69.24,55.49,1,1,high_latency,medium
140.9,3.97,58.7,39.55,1,1,high_latency,medium
7.97,1.48,81.23,66.94,1,1,normal,low
474.26,88.39,0.51,0.2,0,0,router_failure,high
133.09,3.59,60.41,35.9,1,1,high_latency,medium
139.51,3.85,46.06,38.2,1,1,high_latency,medium
84.45,3.84,77.04,43.16,1,1,high_latency,medium
97.19,4.62,47.29,30.48,1,1,high_latency,medium
303.72,92.21,1.6,3.37,0,0,router_failure,high
62.11,10.87,64.79,37.66,1,1,packet_loss,high
90.74,3.15,75.55,60.63,1,1,high_latency,medium
92.11,21.71,30.66,16.33,1,1,packet_loss,high
118.63,4.82,73.45,56.22,1,1,high_latency,medium
155.19,11.34,68.57,49.18,1,1,packet_loss,high
278.92,88.65,0.31,1.3,0,0,router_failure,high
23.21,1.16,85.6,78.79,1,1,normal,low
95.29,3.54,46.46,27.62,1,1,high_latency,medium
101.51,4.26,48.73,36.42,1,1,high_latency,medium
207.54,82.33,5.47,4.51,0,0,router_failure,high
78.87,11.2,43.05,30.35,1,1,packet_loss,high
358.2,94.78,0.32,3.29,0,0,router_failure,high
319.4,80.11,8.04,3.86,0,0,router_failure,high
105.28,24.28,34.02,21.79,1,1,packet_loss,high
37.62,0.85,90.9,84.95,1,1,normal,low
12.35,1.35,76.15,60.02,1,1,normal,low
123.19,4.98,77.45,48.05,1,1,high_latency,medium
122.7,3.49,64.44,49.34,1,1,high_latency,medium
9.93,0.26,84.95,70.83,1,1,normal,low
126.93,11.95,56.12,25.18,1,1,packet_loss,high
5.89,1.44,95.08,84.54,1,1,normal,low
33.13,0.28,96.78,83.02,1,1,normal,low
158.29,15.82,61.96,31.6,1,1,packet_loss,high
66.0,21.87,74.15,50.25,1,1,packet_loss,high
95.67,11.0,63.44,26.45,1,1,packet_loss,high
315.87,94.33,2.71,1.01,0,0,router_failure,high
98.26,16.64,46.7,28.51,1,1,packet_loss,high
17.46,1.48,88.17,70.31,1,1,normal,low
403.61,82.23,6.08,1.41,0,0,router_failure,high
84.89,5.01,61.04,42.41,1,1,high_latency,medium
376.91,81.48,3.75,4.02,0,0,router_failure,high
26.53,1.49,74.2,63.34,1,1,normal,low
17.27,0.88,81.77,68.48,1,1,normal,low
364.01,93.57,3.18,4.24,0,0,router_failure,high
279.35,89.28,7.23,3.28,0,0,router_failure,high
154.67,22.84,49.52,35.58,1,1,packet_loss,high
148.07,2.68,51.37,40.43,1,1,high_latency,medium
158.66,22.01,39.54,24.91,1,1,packet_loss,high
37.11,0.21,98.51,82.67,1,1,normal,low
427.41,92.55,7.5,0.76,0,0,router_failure,high
74.22,10.78,47.9,34.58,1,1,packet_loss,high
146.07,1.76,60.13,50.09,1,1,high_latency,medium
153.68,16.68,72.85,30.22,1,1,packet_loss,high
300.96,87.58,9.15,1.26,0,0,router_failure,high
30.41,1.35,96.61,87.53,1,1,normal,low
292.38,86.56,4.54,3.81,0,0,router_failure,high
26.04,1.06,70.62,66.66,1,1,normal,low
93.51,17.86,61.24,35.48,1,1,packet_loss,high
83.36,1.84,46.28,35.68,1,1,high_latency,medium
344.87,96.9,7.96,0.88,0,0,router_failure,high
116.54,21.43,50.67,26.61,1,1,packet_loss,high
105.62,3.57,57.57,41.91,1,1,high_latency,medium
281.15,91.0,0.51,2.13,0,0,router_failure,high
133.54,1.46,65.59,45.54,1,1,high_latency,medium
156.31,16.44,53.07,26.68,1,1,packet_loss,high
9.2,0.51,98.29,80.07,1,1,normal,low
12.98,0.64,94.54,87.18,1,1,normal,low
19.88,0.03,78.06,67.0,1,1,normal,low
364.48,98.77,6.62,0.38,0,0,router_failure,high
16.97,1.23,73.32,67.4,1,1,normal,low
88.28,5.98,79.12,58.95,1,1,high_latency,medium
34.14,0.32,75.45,59.36,1,1,normal,low
25.69,0.6,71.64,58.54,1,1,normal,low
115.48,13.24,59.29,35.04,1,1,packet_loss,high
479.39,97.53,1.03,1.96,0,0,router_failure,high
103.58,4.19,58.92,37.25,1,1,high_latency,medium
7.55,1.23,91.19,69.87,1,1,normal,low
81.38,1.61,55.61,32.27,1,1,high_latency,medium
32.83,0.41,83.17,63.68,1,1,normal,low
34.94,1.06,84.23,64.82,1,1,normal,low
91.36,5.39,72.91,54.5,1,1,high_latency,medium
19.69,0.37,80.68,72.74,1,1,normal,low
153.96,95.75,3.06,0.2,0,0,router_failure,high
477.7,81.28,8.25,1.46,0,0,router_failure,high
218.31,89.79,7.42,2.46,0,0,router_failure,high
80.27,1.52,70.35,50.9,1,1,high_latency,medium
115.4,4.45,73.02,44.55,1,1,high_latency,medium
88.66,14.02,74.32,49.81,1,1,packet_loss,high
342.91,88.76,8.39,0.8,0,0,router_failure,high
173.16,80.38,8.27,2.62,0,0,router_failure,high
26.41,0.21,78.76,64.84,1,1,normal,low
104.51,23.04,66.3,49.37,1,1,packet_loss,high
132.12,4.28,51.21,36.54,1,1,high_latency,medium
31.27,1.21,99.72,83.02,1,1,normal,low
103.71,4.69,53.36,31.11,1,1,high_latency,medium
121.13,5.34,60.92,42.93,1,1,high_latency,medium
363.39,93.99,8.38,4.01,0,0,router_failure,high
483.49,86.53,3.54,2.53,0,0,router_failure,high
74.82,5.67,57.31,33.26,1,1,high_latency,medium
156.53,10.58,39.48,29.02,1,1,packet_loss,high
108.87,2.28,54.97,35.3,1,1,high_latency,medium
79.47,3.05,74.39,49.48,1,1,high_latency,medium
6.51,1.34,85.83,81.42,1,1,normal,low
199.43,91.42,1.85,1.39,0,0,router_failure,high
84.81,3.71,75.55,58.15,1,1,high_latency,medium
84.45,15.47,42.92,29.08,1,1,packet_loss,high
15.66,0.15,90.53,75.86,1,1,normal,low
11.36,1.36,87.5,72.64,1,1,normal,low
118.27,5.55,52.75,38.89,1,1,packet_loss,high
38.42,1.11,86.63,75.57,1,1,normal,low
476.45,90.89,2.0,3.08,0,0,router_failure,high
131.24,5.2,58.62,42.19,1,1,packet_loss,high
439.99,95.79,3.08,4.57,0,0,router_failure,high
23.16,0.07,74.99,67.31,1,1,normal,low
136.07,1.64,56.73,43.85,1,1,high_latency,medium
10.2,0.62,72.56,68.89,1,1,normal,low
93.9,12.06,70.23,51.36,1,1,packet_loss,high
94.63,4.52,52.06,39.15,1,1,high_latency,medium
127.31,1.36,47.49,26.29,1,1,high_latency,medium
14.08,0.57,87.71,70.48,1,1,normal,low
253.73,98.77,8.19,4.92,0,0,router_failure,high
430.34,82.09,5.77,2.32,0,0,router_failure,high
330.25,90.71,3.57,1.77,0,0,router_failure,high
92.63,20.19,50.24,33.75,1,1,packet_loss,high
130.4,3.3,74.47,57.23,1,1,high_latency,medium
145.57,4.42,62.4,45.89,1,1,high_latency,medium
110.47,5.2,70.65,50.35,1,1,high_latency,medium
466.53,96.35,7.57,0.28,0,0,router_failure,high
132.46,3.3,47.04,39.91,1,1,high_latency,medium
25.73,0.07,88.23,69.18,1,1,normal,low
11.46,0.31,81.11,68.7,1,1,normal,low
116.55,24.58,58.54,26.0,1,1,packet_loss,high
106.35,5.22,48.43,33.73,1,1,high_latency,medium
121.39,1.32,65.3,46.91,1,1,high_latency,medium
118.5,4.82,51.12,35.82,1,1,high_latency,medium
399.92,81.83,1.99,4.39,0,0,router_failure,high
336.3,82.07,1.73,2.84,0,0,router_failure,high
85.96,4.4,47.53,26.58,1,1,high_latency,medium
171.81,12.94,33.92,20.89,1,1,packet_loss,high
381.67,95.02,7.54,2.89,0,0,router_failure,high
88.49,15.25,34.69,18.54,1,1,packet_loss,high
96.76,20.78,50.09,34.03,1,1,packet_loss,high
156.43,15.1,73.52,40.16,1,1,packet_loss,high
158.85,24.1,66.95,26.82,1,1,packet_loss,high
111.44,5.58,51.64,32.63,1,1,packet_loss,high
110.98,4.4,46.46,26.73,1,1,high_latency,medium
91.2,1.1,47.88,40.23,1,1,high_latency,medium
26.85,0.61,86.56,72.47,1,1,normal,low
116.83,5.34,52.2,30.47,1,1,high_latency,medium
147.52,24.34,40.09,25.34,1,1,packet_loss,high
22.58,0.89,72.01,64.81,1,1,normal,low
19.31,0.26,74.69,59.76,1,1,normal,low
11.37,0.52,96.9,81.86,1,1,normal,low
91.89,5.99,59.92,41.07,1,1,high_latency,medium
113.8,15.21,58.2,42.15,1,1,packet_loss,high
356.31,92.27,6.38,1.21,0,0,router_failure,high
110.26,10.2,62.89,46.75,1,1,packet_loss,high
84.37,2.19,79.0,47.74,1,1,high_latency,medium
74.68,2.67,72.47,55.25,1,1,high_latency,medium
129.25,12.14,65.44,31.92,1,1,packet_loss,high
39.88,0.83,93.07,87.39,1,1,normal,low
139.99,8.25,55.43,37.14,1,1,packet_loss,high
130.88,4.13,49.59,27.76,1,1,high_latency,medium
157.31,21.72,44.95,28.89,1,1,packet_loss,high
62.29,14.54,60.95,39.8,1,1,packet_loss,high
18.11,1.43,91.96,79.98,1,1,normal,low
70.93,1.36,58.74,40.76,1,1,high_latency,medium
98.6,21.96,62.8,27.22,1,1,packet_loss,high
154.61,18.3,41.71,29.93,1,1,packet_loss,high
161.11,88.47,0.85,3.03,0,0,router_failure,high
165.83,13.55,37.3,15.08,1,1,packet_loss,high
96.15,1.74,55.7,45.28,1,1,high_latency,medium
149.53,4.31,64.52,49.63,1,1,high_latency,medium
31.93,0.28,79.71,66.57,1,1,normal,low
29.44,0.8,79.29,72.37,1,1,normal,low
71.89,4.21,66.25,47.3,1,1,high_latency,medium
97.69,5.88,67.43,53.73,1,1,high_latency,medium
95.07,23.22,63.93,43.58,1,1,packet_loss,high
281.09,95.95,3.67,0.44,0,0,router_failure,high
18.59,0.96,83.75,71.95,1,1,normal,low
214.62,86.84,4.3,4.15,0,0,router_failure,high
25.11,1.26,74.19,67.45,1,1,normal,low
87.64,1.93,72.29,47.35,1,1,high_latency,medium
319.11,96.76,3.61,4.3,0,0,router_failure,high
32.94,0.97,91.06,82.79,1,1,normal,low
82.86,5.09,74.12,52.05,1,1,high_latency,medium
34.34,0.7,82.44,66.34,1,1,normal,low
130.66,1.12,45.77,29.62,1,1,high_latency,medium
72.06,1.68,78.71,56.27,1,1,high_latency,medium
126.72,5.35,69.99,55.33,1,1,high_latency,medium
10.15,1.39,84.76,67.95,1,1,normal,low
101.89,1.73,57.86,33.01,1,1,high_latency,medium
168.91,19.28,57.36,29.15,1,1,packet_loss,high
38.39,0.91,76.86,67.97,1,1,normal,low
146.52,4.69,57.36,36.65,1,1,high_latency,medium
14.93,0.54,89.38,77.24,1,1,normal,low
37.54,1.21,89.0,82.26,1,1,normal,low
289.66,96.8,1.89,3.36,0,0,router_failure,high
9.46,0.6,93.92,73.26,1,1,normal,low
135.54,5.42,52.98,32.51,1,1,high_latency,medium
234.52,80.81,4.11,0.65,0,0,router_failure,high
8.92,0.6,99.08,91.46,1,1,normal,low
171.14,9.57,58.55,27.97,1,1,packet_loss,high
29.64,0.32,74.09,55.78,1,1,normal,low
22.77,0.36,73.45,64.05,1,1,normal,low
20.96,1.18,75.99,64.81,1,1,normal,low
112.52,9.7,61.72,42.34,1,1,packet_loss,high
149.71,2.84,60.7,46.53,1,1,high_latency,medium
33.79,0.54,73.81,63.07,1,1,normal,low
233.35,98.17,4.68,2.33,0,0,router_failure,high
361.97,82.34,3.37,0.71,0,0,router_failure,high
11.14,1.37,82.56,68.25,1,1,normal,low
21.07,1.47,84.78,69.16,1,1,normal,low
417.55,88.19,6.55,1.3,0,0,router_failure,high
5.64,1.37,73.53,63.63,1,1,normal,low
13.09,1.01,70.59,54.41,1,1,normal,low
421.34,84.69,3.45,0.15,0,0,router_failure,high
91.4,9.94,70.78,34.49,1,1,packet_loss,high
6.97,1.3,94.39,89.66,1,1,normal,low
350.88,87.86,0.29,2.92,0,0,router_failure,high
491.95,82.04,0.08,2.17,0,0,router_failure,high
21.19,0.45,92.43,78.61,1,1,normal,low
8.16,1.25,79.62,62.69,1,1,normal,low
162.45,9.84,73.23,34.34,1,1,packet_loss,high
26.64,0.15,72.52,64.56,1,1,normal,low
133.51,22.47,62.58,27.67,1,1,packet_loss,high
14.28,0.37,99.19,82.19,1,1,normal,low
107.22,1.3,64.68,54.16,1,1,high_latency,medium
100.07,2.97,61.08,47.98,1,1,high_latency,medium
385.02,92.65,1.99,2.09,0,0,router_failure,high
268.11,97.41,0.84,1.06,0,0,router_failure,high
23.3,0.64,70.76,54.6,1,1,normal,low
80.54,4.63,73.62,45.21,1,1,high_latency,medium
77.04,11.96,50.27,33.28,1,1,packet_loss,high
178.09,18.36,58.56,26.83,1,1,packet_loss,high
169.13,19.44,54.0,38.04,1,1,packet_loss,high
65.27,8.31,50.05,23.68,1,1,packet_loss,high
481.51,97.7,7.39,1.39,0,0,router_failure,high
105.09,4.63,62.03,50.37,1,1,high_latency,medium
26.23,0.01,73.04,64.48,1,1,normal,low
90.78,18.08,38.91,23.27,1,1,packet_loss,high
66.23,20.73,39.06,19.16,1,1,packet_loss,high
412.77,82.51,7.73,1.18,0,0,router_failure,high
406.46,92.13,6.73,0.41,0,0,router_failure,high
131.38,3.01,61.8,45.62,1,1,high_latency,medium
369.95,93.77,2.53,0.05,0,0,router_failure,high
107.09,20.09,71.33,52.27,1,1,packet_loss,high
89.59,14.68,63.63,36.01,1,1,packet_loss,high
199.11,93.42,6.2,3.71,0,0,router_failure,high
84.59,22.56,69.58,49.03,1,1,packet_loss,high
75.33,3.59,50.26,38.76,1,1,high_latency,medium
5.19,1.22,91.21,81.7,1,1,normal,low
164.01,10.65,72.77,43.92,1,1,packet_loss,high
114.85,4.02,68.68,54.36,1,1,high_latency,medium
118.52,18.04,72.77,44.41,1,1,packet_loss,high
112.16,3.13,49.57,40.45,1,1,high_latency,medium
139.66,4.91,64.85,50.03,1,1,high_latency,medium
5.5,0.17,71.38,54.12,1,1,normal,low
5.54,1.39,82.85,78.15,1,1,normal,low
156.99,23.95,33.25,24.42,1,1,packet_loss,high
149.29,2.16,78.0,58.1,1,1,high_latency,medium
135.97,2.74,68.73,49.47,1,1,high_latency,medium
147.59,1.47,68.54,46.82,1,1,high_latency,medium
73.15,1.61,60.83,50.5,1,1,high_latency,medium
121.51,3.65,46.47,39.06,1,1,high_latency,medium
87.91,3.68,65.75,47.61,1,1,high_latency,medium
24.13,0.28,99.09,89.68,1,1,normal,low
12.06,0.25,74.93,68.4,1,1,normal,low
140.28,3.02,56.45,42.35,1,1,high_latency,medium
208.62,82.95,9.73,3.8,0,0,router_failure,high
179.26,22.61,58.05,34.79,1,1,packet_loss,high
34.06,0.6,90.04,71.22,1,1,normal,low
117.84,8.92,57.49,28.64,1,1,packet_loss,high
325.85,94.63,9.58,1.1,0,0,router_failure,high
89.62,19.82,44.23,19.27,1,1,packet_loss,high
96.64,9.25,31.49,15.95,1,1,packet_loss,high
136.37,6.02,41.59,17.5,1,1,packet_loss,high
95.35,5.29,63.2,43.73,1,1,packet_loss,high
7.22,1.48,79.67,72.66,1,1,normal,low
116.67,22.6,39.71,25.3,1,1,packet_loss,high
61.19,14.28,73.36,42.67,1,1,packet_loss,high
150.14,6.42,33.61,17.62,1,1,packet_loss,high
458.34,97.66,6.59,1.06,0,0,router_failure,high
128.95,5.31,52.59,30.43,1,1,high_latency,medium
25.54,1.12,82.95,64.33,1,1,normal,low
14.53,0.89,80.83,62.1,1,1,normal,low
148.86,7.86,63.9,42.76,1,1,packet_loss,high
223.68,96.18,1.47,1.71,0,0,router_failure,high
104.13,6.16,35.02,20.33,1,1,packet_loss,high
111.53,3.4,45.9,29.94,1,1,high_latency,medium
132.56,4.54,46.27,29.65,1,1,high_latency,medium
31.95,0.32,88.69,68.03,1,1,normal,low
19.85,1.36,73.34,62.23,1,1,normal,low
111.66,7.85,70.05,36.5,1,1,packet_loss,high
206.43,93.13,9.71,2.81,0,0,router_failure,high
98.27,2.18,72.32,45.74,1,1,high_latency,medium
15.26,0.49,90.18,81.2,1,1,normal,low
5.4,0.7,71.69,55.47,1,1,normal,low
79.31,5.09,58.32,47.44,1,1,high_latency,medium
169.81,15.66,37.11,23.88,1,1,packet_loss,high
133.9,2.46,79.3,57.93,1,1,high_latency,medium
101.95,1.76,79.74,66.03,1,1,high_latency,medium
11.85,0.1,73.02,55.03,1,1,normal,low
270.19,96.69,9.35,0.93,0,0,router_failure,high
5.93,0.88,98.21,84.96,1,1,normal,low
129.42,3.13,57.11,37.77,1,1,high_latency,medium
491.14,82.71,2.31,4.34,0,0,router_failure,high
387.09,91.32,9.29,1.94,0,0,router_failure,high
306.35,90.03,2.47,2.35,0,0,router_failure,high
79.2,5.47,64.03,35.89,1,1,packet_loss,high
143.1,13.6,60.28,29.92,1,1,packet_loss,high
112.85,11.05,41.67,19.51,1,1,packet_loss,high
34.57,0.03,94.43,76.15,1,1,normal,low
14.06,0.99,79.35,67.77,1,1,normal,low
149.02,1.68,69.33,46.54,1,1,high_latency,medium
127.17,15.55,62.37,44.38,1,1,packet_loss,high
22.92,0.34,89.36,70.13,1,1,normal,low
6.43,0.89,90.33,68.04,1,1,normal,low
112.11,4.66,47.86,27.19,1,1,high_latency,medium
11.53,0.43,75.2,69.89,1,1,normal,low
104.95,4.65,71.79,42.91,1,1,high_latency,medium
464.08,92.45,9.73,2.33,0,0,router_failure,high
144.67,18.77,46.85,21.48,1,1,packet_loss,high
169.8,87.48,9.44,3.21,0,0,router_failure,high
8.61,1.35,85.16,77.94,1,1,normal,low
105.16,1.53,67.43,41.46,1,1,high_latency,medium
21.51,0.62,80.47,75.31,1,1,normal,low
125.05,3.19,53.91,43.25,1,1,high_latency,medium
149.37,5.26,52.3,43.36,1,1,high_latency,medium
203.79,91.45,2.77,4.61,0,0,router_failure,high
488.72,88.79,2.78,3.99,0,0,router_failure,high
167.83,20.66,65.12,36.48,1,1,packet_loss,high
13.91,1.02,92.81,80.66,1,1,normal,low
88.56,2.95,65.81,46.0,1,1,high_latency,medium
416.2,83.09,4.87,2.15,0,0,router_failure,high
205.82,83.21,0.7,0.93,0,0,router_failure,high
336.05,80.65,4.76,2.04,0,0,router_failure,high
178.96,15.89,73.32,31.27,1,1,packet_loss,high
127.29,2.36,59.47,34.89,1,1,high_latency,medium
223.17,81.69,4.67,2.41,0,0,router_failure,high
350.11,96.66,9.06,0.06,0,0,router_failure,high
95.53,5.14,46.3,33.74,1,1,high_latency,medium
145.44,21.52,34.53,16.71,1,1,packet_loss,high
90.61,3.31,75.39,57.91,1,1,high_latency,medium
18.6,0.41,94.86,77.92,1,1,normal,low
83.4,1.52,67.28,51.26,1,1,high_latency,medium
412.83,82.03,2.78,1.38,0,0,router_failure,high
8.48,0.36,91.67,84.44,1,1,normal,low
34.07,1.45,73.73,66.07,1,1,normal,low
367.96,84.45,3.07,2.73,0,0,router_failure,high
36.05,0.71,73.59,65.69,1,1,normal,low
148.93,5.83,45.17,37.74,1,1,high_latency,medium
132.93,10.91,36.15,22.7,1,1,packet_loss,high
493.39,92.99,8.04,3.58,0,0,router_failure,high
142.99,2.05,66.8,49.4,1,1,high_latency,medium
125.37,1.31,62.83,53.34,1,1,high_latency,medium
148.79,23.36,42.6,29.84,1,1,packet_loss,high
209.46,83.9,8.9,3.75,0,0,router_failure,high
9.36,1.38,96.1,82.04,1,1,normal,low
143.1,7.69,43.47,22.85,1,1,packet_loss,high
8.31,1.02,72.14,58.7,1,1,normal,low
168.35,22.05,60.05,36.49,1,1,packet_loss,high
35.35,1.37,85.34,72.57,1,1,normal,low
130.65,12.51,42.86,20.19,1,1,packet_loss,high
138.1,3.48,61.82,44.99,1,1,high_latency,medium
416.3,83.75,0.88,3.49,0,0,router_failure,high
105.98,1.97,57.87,39.02,1,1,high_latency,medium
26.98,0.12,96.21,89.87,1,1,normal,low
6.81,0.8,86.22,75.66,1,1,normal,low
99.04,19.25,66.76,30.95,1,1,packet_loss,high
122.75,5.48,67.28,49.4,1,1,high_latency,medium
26.97,0.5,74.18,67.41,1,1,normal,low
145.58,3.34,66.47,39.89,1,1,high_latency,medium
12.22,0.02,74.11,68.92,1,1,normal,low
96.26,3.17,48.1,29.64,1,1,high_latency,medium
12.83,1.44,70.36,66.42,1,1,normal,low
270.39,94.66,6.59,4.66,0,0,router_failure,high
125.22,6.63,50.62,28.84,1,1,packet_loss,high
301.72,99.94,5.59,1.61,0,0,router_failure,high
129.26,5.87,35.54,21.16,1,1,packet_loss,high
28.97,0.24,97.33,89.01,1,1,normal,low
38.68,0.56,78.57,72.58,1,1,normal,low
134.01,2.02,64.43,49.6,1,1,high_latency,medium
156.84,14.19,54.6,30.11,1,1,packet_loss,high
36.22,0.95,93.84,79.82,1,1,normal,low
387.14,87.46,9.42,0.84,0,0,router_failure,high
358.92,99.99,7.69,1.99,0,0,router_failure,high
134.63,4.81,72.92,49.64,1,1,high_latency,medium
73.37,1.09,79.57,53.98,1,1,high_latency,medium
14.03,0.99,94.52,81.38,1,1,normal,low
104.47,2.24,66.6,50.75,1,1,high_latency,medium
29.29,0.81,77.55,63.53,1,1,normal,low
267.04,87.89,5.3,0.81,0,0,router_failure,high
467.88,95.17,5.97,3.27,0,0,router_failure,high
151.08,7.05,53.12,30.71,1,1,packet_loss,high
145.13,4.99,79.93,52.37,1,1,high_latency,medium
141.37,5.78,72.54,46.76,1,1,high_latency,medium
122.56,24.52,35.65,14.47,1,1,packet_loss,high
76.59,4.4,67.91,42.92,1,1,high_latency,medium
128.65,1.66,70.05,57.63,1,1,high_latency,medium
187.06,87.1,4.13,3.38,0,0,router_failure,high
28.36,0.26,75.77,57.45,1,1,normal,low
25.43,0.12,99.23,94.0,1,1,normal,low
244.1,87.37,8.95,3.33,0,0,router_failure,high
27.47,0.13,74.85,69.59,1,1,normal,low
91.58,1.29,63.59,52.84,1,1,high_latency,medium
248.57,99.27,0.1,3.58,0,0,router_failure,high
36.65,0.52,85.42,77.45,1,1,normal,low
125.11,5.37,67.27,52.36,1,1,high_latency,medium
91.93,1.4,48.0,39.27,1,1,high_latency,medium
159.3,20.29,55.81,41.0,1,1,packet_loss,high
119.45,4.51,64.59,35.71,1,1,high_latency,medium
31.99,0.11,80.75,62.44,1,1,normal,low
226.84,99.2,6.16,2.78,0,0,router_failure,high
305.37,80.44,3.01,2.51,0,0,router_failure,high
235.87,81.15,3.91,1.17,0,0,router_failure,high
77.73,3.25,71.47,46.76,1,1,high_latency,medium
119.31,21.56,45.08,20.78,1,1,packet_loss,high
93.09,22.54,72.48,32.77,1,1,packet_loss,high
10.07,0.73,99.57,79.5,1,1,normal,low
23.64,0.08,80.1,62.23,1,1,normal,low
16.7,1.16,73.2,56.0,1,1,normal,low
398.07,80.17,2.18,3.31,0,0,router_failure,high
148.63,11.31,59.02,31.77,1,1,packet_loss,high
406.44,88.09,0.68,3.92,0,0,router_failure,high
414.86,88.85,7.07,1.95,0,0,router_failure,high
7.14,0.42,94.19,84.73,1,1,normal,low
138.05,5.34,69.79,55.91,1,1,high_latency,medium
178.56,14.08,60.97,27.39,1,1,packet_loss,high
149.23,15.13,58.53,24.87,1,1,packet_loss,high
154.34,19.69,47.3,19.34,1,1,packet_loss,high
7.61,1.48,93.17,73.58,1,1,normal,low
38.24,1.09,88.4,73.7,1,1,normal,low
72.66,1.39,58.89,34.74,1,1,high_latency,medium
125.79,2.49,77.35,65.08,1,1,high_latency,medium
119.26,12.75,58.47,37.79,1,1,packet_loss,high
274.13,91.01,4.03,4.17,0,0,router_failure,high
10.31,0.47,77.45,69.62,1,1,normal,low
9.11,0.97,92.38,80.06,1,1,normal,low
134.48,9.03,47.78,19.77,1,1,packet_loss,high
94.71,23.0,35.23,25.88,1,1,packet_loss,high
37.84,0.27,71.99,64.67,1,1,normal,low
109.09,4.85,68.92,47.12,1,1,high_latency,medium
301.21,99.61,0.68,2.59,0,0,router_failure,high
127.69,12.17,59.55,28.83,1,1,packet_loss,high
152.53,18.09,36.82,26.02,1,1,packet_loss,high
103.88,9.51,38.81,17.44,1,1,packet_loss,high
404.93,86.92,6.71,4.03,0,0,router_failure,high
79.76,11.6,64.05,37.27,1,1,packet_loss,high
296.02,83.2,1.71,2.09,0,0,router_failure,high
16.94,0.17,97.74,90.46,1,1,normal,low
472.26,80.8,2.91,1.04,0,0,router_failure,high
6.28,0.38,91.4,84.91,1,1,normal,low
411.86,96.13,8.58,4.99,0,0,router_failure,high
37.53,0.84,87.15,70.24,1,1,normal,low
14.83,0.81,74.23,67.58,1,1,normal,low
163.22,19.46,33.05,21.4,1,1,packet_loss,high
36.51,0.95,80.17,65.73,1,1,normal,low
460.16,98.69,9.16,3.18,0,0,router_failure,high
191.96,94.7,5.31,1.44,0,0,router_failure,high
67.47,15.25,66.29,37.17,1,1,packet_loss,high
167.62,81.06,6.92,2.29,0,0,router_failure,high
125.65,1.02,66.69,43.79,1,1,high_latency,medium
76.48,2.1,68.91,39.48,1,1,high_latency,medium
167.11,13.39,65.12,36.9,1,1,packet_loss,high
446.59,81.25,3.35,0.34,0,0,router_failure,high
12.28,0.04,75.44,65.38,1,1,normal,low
36.76,0.37,82.31,74.17,1,1,normal,low
275.72,96.47,8.21,2.39,0,0,router_failure,high
130.82,1.69,63.74,39.17,1,1,high_latency,medium
240.88,99.39,4.31,1.74,0,0,router_failure,high
125.16,4.38,52.55,39.29,1,1,high_latency,medium
15.31,1.42,92.91,72.28,1,1,normal,low
6.8,0.42,97.25,77.6,1,1,normal,low
435.13,92.24,3.73,1.28,0,0,router_failure,high
119.56,3.32,58.29,47.16,1,1,high_latency,medium
117.23,3.54,55.41,39.87,1,1,high_latency,medium
380.36,81.4,3.95,0.91,0,0,router_failure,high
173.54,81.9,9.99,1.63,0,0,router_failure,high
119.87,5.24,30.41,15.96,1,1,packet_loss,high
478.67,92.73,3.25,1.35,0,0,router_failure,high
13.02,1.08,91.6,80.45,1,1,normal,low
259.47,93.09,2.32,0.07,0,0,router_failure,high
325.13,93.82,6.97,3.24,0,0,router_failure,high
168.77,7.78,53.96,29.35,1,1,packet_loss,high
208.87,97.59,5.57,1.16,0,0,router_failure,high
341.95,81.33,7.67,2.92,0,0,router_failure,high
92.97,12.89,48.98,26.64,1,1,packet_loss,high
204.88,96.55,0.42,2.1,0,0,router_failure,high
32.62,0.75,72.61,62.26,1,1,normal,low
310.41,87.02,0.94,2.43,0,0,router_failure,high
22.62,1.04,71.18,64.76,1,1,normal,low
386.93,96.76,8.59,3.74,0,0,router_failure,high
246.33,94.19,2.71,4.52,0,0,router_failure,high
250.02,88.66,6.85,1.66,0,0,router_failure,high
33.45,1.42,99.58,89.69,1,1,normal,low
19.75,1.34,94.52,77.35,1,1,normal,low
91.19,11.9,71.29,35.76,1,1,packet_loss,high
38.27,0.86,88.96,74.69,1,1,normal,low
80.6,5.31,77.3,53.81,1,1,high_latency,medium
76.47,3.01,51.07,38.74,1,1,high_latency,medium
385.45,95.93,2.5,3.12,0,0,router_failure,high
173.01,18.37,60.54,31.88,1,1,packet_loss,high
244.78,84.95,0.63,2.29,0,0,router_failure,high
119.14,13.09,53.89,32.78,1,1,packet_loss,high
7.58,0.83,99.08,84.67,1,1,normal,low
27.82,0.34,91.37,72.86,1,1,normal,low
9.22,0.69,76.19,62.69,1,1,normal,low
112.64,2.62,56.66,42.54,1,1,high_latency,medium
289.83,86.54,0.11,4.13,0,0,router_failure,high
30.81,0.68,76.74,64.5,1,1,normal,low
60.52,8.34,62.09,39.32,1,1,packet_loss,high
242.62,93.24,8.15,3.89,0,0,router_failure,high
289.16,85.29,2.05,2.42,0,0,router_failure,high
7.28,1.42,98.97,90.23,1,1,normal,low
186.87,84.45,5.19,3.04,0,0,router_failure,high
14.97,0.06,88.29,75.09,1,1,normal,low
83.93,1.49,68.11,53.08,1,1,high_latency,medium
60.02,15.22,32.11,15.95,1,1,packet_loss,high
145.52,1.2,69.7,57.68,1,1,high_latency,medium
83.09,4.97,69.28,42.69,1,1,high_latency,medium
125.57,24.34,32.33,18.64,1,1,packet_loss,high
76.8,10.54,73.72,38.04,1,1,packet_loss,high
151.42,12.73,53.01,30.34,1,1,packet_loss,high
150.51,12.86,56.58,35.72,1,1,packet_loss,high
310.45,94.5,5.74,3.34,0,0,router_failure,high
139.61,1.11,75.61,53.59,1,1,high_latency,medium
126.45,15.83,64.29,44.47,1,1,packet_loss,high
94.08,4.54,47.36,34.32,1,1,high_latency,medium
114.3,2.53,58.89,40.29,1,1,high_latency,medium
10.91,0.42,75.31,57.82,1,1,normal,low
396.91,88.55,4.43,3.25,0,0,router_failure,high
155.34,19.14,32.26,13.73,1,1,packet_loss,high
245.77,89.76,0.82,2.3,0,0,router_failure,high
177.22,7.21,49.01,20.33,1,1,packet_loss,high
452.63,83.1,0.83,2.42,0,0,router_failure,high
117.86,4.68,79.94,66.35,1,1,high_latency,medium
9.48,0.23,74.16,65.13,1,1,normal,low
27.17,0.36,72.28,56.07,1,1,normal,low
99.79,22.1,39.32,16.71,1,1,packet_loss,high
280.38,98.57,0.62,0.46,0,0,router_failure,high
147.48,22.23,42.33,28.89,1,1,packet_loss,high
175.93,20.22,72.78,47.01,1,1,packet_loss,high
83.58,3.6,56.8,45.36,1,1,high_latency,medium
138.91,5.23,77.16,48.28,1,1,high_latency,medium
72.53,5.68,46.82,33.35,1,1,high_latency,medium
13.13,1.35,81.52,70.0,1,1,normal,low
14.71,0.28,83.91,68.86,1,1,normal,low
157.85,87.21,7.84,2.83,0,0,router_failure,high
178.08,10.77,73.25,39.29,1,1,packet_loss,high
18.88,0.93,95.87,90.11,1,1,normal,low
438.27,87.69,4.59,1.52,0,0,router_failure,high
21.17,1.42,74.6,64.7,1,1,normal,low
106.26,11.81,54.36,24.68,1,1,packet_loss,high
77.32,5.39,54.3,31.97,1,1,high_latency,medium
120.55,2.3,67.19,47.84,1,1,high_latency,medium
85.35,2.62,52.93,34.75,1,1,high_latency,medium
38.26,1.34,83.67,73.13,1,1,normal,low
28.28,0.78,80.76,74.74,1,1,normal,low
20.78,0.17,99.55,91.36,1,1,normal,low
70.97,2.21,79.16,62.57,1,1,high_latency,medium
30.49,0.74,90.65,75.87,1,1,normal,low
118.05,3.58,77.18,53.95,1,1,high_latency,medium
206.98,91.9,1.5,4.84,0,0,router_failure,high
254.05,81.84,5.99,3.12,0,0,router_failure,high
237.38,85.26,0.01,4.35,0,0,router_failure,high
461.19,91.58,6.32,0.78,0,0,router_failure,high
255.85,91.27,8.04,0.69,0,0,router_failure,high
18.18,1.22,99.62,77.71,1,1,normal,low
108.85,6.32,45.7,20.05,1,1,packet_loss,high
88.7,3.7,75.8,56.49,1,1,high_latency,medium
410.01,94.76,5.21,0.34,0,0,router_failure,high
407.79,97.66,2.03,2.94,0,0,router_failure,high
91.84,17.03,43.35,28.18,1,1,packet_loss,high
439.64,83.41,0.3,1.02,0,0,router_failure,high
30.06,0.99,70.81,56.25,1,1,normal,low
108.34,10.91,40.46,20.16,1,1,packet_loss,high
328.45,90.03,0.5,0.17,0,0,router_failure,high
385.91,81.04,5.49,1.44,0,0,router_failure,high
208.01,97.82,2.42,1.77,0,0,router_failure,high
210.72,87.6,8.01,1.96,0,0,router_failure,high
129.27,22.31,74.13,40.23,1,1,packet_loss,high
452.05,97.72,1.97,3.69,0,0,router_failure,high
212.78,99.41,1.13,2.02,0,0,router_failure,high
147.03,3.42,73.21,52.35,1,1,high_latency,medium
370.44,88.06,7.52,2.66,0,0,router_failure,high
73.69,8.02,40.14,19.58,1,1,packet_loss,high
98.37,2.44,55.37,34.33,1,1,high_latency,medium
445.16,89.7,3.34,3.96,0,0,router_failure,high
82.0,2.62,70.81,49.06,1,1,high_latency,medium
80.68,1.4,70.48,49.26,1,1,high_latency,medium
18.17,0.13,93.31,80.41,1,1,normal,low
76.11,24.16,53.83,26.09,1,1,packet_loss,high
27.17,0.39,74.18,68.02,1,1,normal,low
486.32,90.72,4.88,2.01,0,0,router_failure,high
97.68,22.77,57.13,39.38,1,1,packet_loss,high
100.48,5.39,35.6,19.39,1,1,packet_loss,high
88.18,1.37,66.12,49.62,1,1,high_latency,medium
496.62,80.52,6.04,3.3,0,0,router_failure,high
216.82,93.89,2.19,2.98,0,0,router_failure,high
39.45,0.79,75.15,60.46,1,1,normal,low
279.89,98.42,5.84,2.69,0,0,router_failure,high
152.42,21.14,35.41,17.46,1,1,packet_loss,high
118.0,2.46,69.32,56.02,1,1,high_latency,medium
126.3,15.4,36.43,24.46,1,1,packet_loss,high
113.2,5.21,63.23,46.61,1,1,high_latency,medium
348.7,91.59,4.9,3.22,0,0,router_failure,high
179.19,5.9,64.25,34.06,1,1,packet_loss,high
109.11,4.33,49.89,27.89,1,1,high_latency,medium
88.4,1.6,47.69,36.19,1,1,high_latency,medium
160.68,5.23,61.67,45.61,1,1,packet_loss,high
161.64,22.86,32.81,23.27,1,1,packet_loss,high
61.06,24.96,60.46,41.71,1,1,packet_loss,high
99.82,2.3,70.32,49.14,1,1,high_latency,medium
100.42,2.99,65.31,46.37,1,1,high_latency,medium
84.49,4.41,51.35,36.33,1,1,high_latency,medium
15.26,1.34,70.39,54.0,1,1,normal,low
229.28,92.28,2.53,2.89,0,0,router_failure,high
392.23,84.13,3.92,4.48,0,0,router_failure,high
128.12,5.96,48.47,32.5,1,1,high_latency,medium
147.59,3.27,53.26,30.47,1,1,high_latency,medium
175.61,16.2,72.16,30.18,1,1,packet_loss,high
122.71,10.99,33.46,19.25,1,1,packet_loss,high
207.06,84.68,0.24,4.17,0,0,router_failure,high
397.19,92.45,9.9,1.56,0,0,router_failure,high
385.47,84.41,2.18,4.37,0,0,router_failure,high
75.68,20.81,35.62,24.15,1,1,packet_loss,high
417.52,92.47,7.62,0.19,0,0,router_failure,high
212.74,93.88,2.3,0.59,0,0,router_failure,high
74.75,22.77,52.64,29.33,1,1,packet_loss,high
161.79,97.58,2.43,2.79,0,0,router_failure,high
61.49,14.38,43.56,26.54,1,1,packet_loss,high
444.32,84.42,3.81,4.04,0,0,router_failure,high
73.66,11.9,52.83,37.3,1,1,packet_loss,high
188.65,85.78,3.1,1.25,0,0,router_failure,high
22.21,0.71,75.2,62.92,1,1,normal,low
24.82,0.71,89.91,84.28,1,1,normal,low
128.34,10.19,49.66,30.18,1,1,packet_loss,high
23.64,0.36,78.08,64.45,1,1,normal,low
129.31,17.69,65.91,35.5,1,1,packet_loss,high
38.69,0.38,84.92,68.8,1,1,normal,low
138.14,17.42,45.86,31.85,1,1,packet_loss,high
33.6,0.39,75.13,66.39,1,1,normal,low
103.23,10.41,67.92,34.62,1,1,packet_loss,high
257.26,96.45,0.57,2.09,0,0,router_failure,high
452.55,91.74,5.81,4.95,0,0,router_failure,high
163.64,93.34,3.23,4.49,0,0,router_failure,high
437.34,91.33,6.57,4.49,0,0,router_failure,high
69.41,15.89,61.92,28.39,1,1,packet_loss,high
9.14,1.05,88.87,82.25,1,1,normal,low
140.3,21.59,69.55,41.74,1,1,packet_loss,high
7.9,0.9,77.36,64.04,1,1,normal,low
173.65,14.93,47.12,21.54,1,1,packet_loss,high
86.29,5.73,34.86,18.08,1,1,packet_loss,high
77.68,5.16,58.39,32.51,1,1,packet_loss,high
99.77,3.16,60.38,44.31,1,1,high_latency,medium
62.16,24.26,62.7,31.77,1,1,packet_loss,high
353.24,90.11,1.44,3.12,0,0,router_failure,high
23.81,1.38,80.39,65.87,1,1,normal,low
119.91,3.26,65.53,39.35,1,1,high_latency,medium
382.48,97.63,8.14,3.43,0,0,router_failure,high
104.26,4.59,69.24,58.67,1,1,high_latency,medium
376.98,85.35,0.15,4.83,0,0,router_failure,high
460.84,86.51,9.01,4.98,0,0,router_failure,high
35.16,1.42,81.2,65.3,1,1,normal,low
15.65,0.79,82.96,67.05,1,1,normal,low
259.52,85.42,5.98,4.33,0,0,router_failure,high
156.42,23.58,48.23,34.59,1,1,packet_loss,high
268.99,81.58,4.43,1.31,0,0,router_failure,high
66.92,11.85,42.16,31.13,1,1,packet_loss,high
145.72,14.23,71.44,45.95,1,1,packet_loss,high
138.38,23.77,69.2,46.24,1,1,packet_loss,high
75.34,20.31,30.0,16.37,1,1,packet_loss,high
66.94,24.16,72.42,48.87,1,1,packet_loss,high
18.02,1.16,80.22,75.1,1,1,normal,low
207.85,80.04,7.19,3.66,0,0,router_failure,high
96.5,11.08,40.37,16.17,1,1,packet_loss,high
84.84,15.33,30.25,12.18,1,1,packet_loss,high
84.02,4.45,52.03,36.98,1,1,high_latency,medium
67.84,14.75,31.51,13.3,1,1,packet_loss,high
23.54,0.36,72.79,67.66,1,1,normal,low
5.24,0.77,82.52,65.56,1,1,normal,low
408.55,80.27,2.48,1.07,0,0,router_failure,high
393.65,87.66,8.22,3.3,0,0,router_failure,high
29.75,0.23,87.29,76.06,1,1,normal,low
34.74,0.37,83.52,64.79,1,1,normal,low
13.01,0.12,78.69,61.56,1,1,normal,low
230.28,89.38,2.69,0.5,0,0,router_failure,high
35.4,0.73,96.84,88.12,1,1,normal,low
121.41,3.11,67.27,52.85,1,1,high_latency,medium
354.02,85.06,4.5,4.79,0,0,router_failure,high
146.44,1.09,51.85,28.64,1,1,high_latency,medium
125.8,4.4,66.65,51.71,1,1,high_latency,medium
139.44,5.03,72.65,46.6,1,1,high_latency,medium
141.31,11.24,64.83,43.47,1,1,packet_loss,high
135.81,3.12,68.36,39.56,1,1,high_latency,medium
101.18,19.58,59.35,41.31,1,1,packet_loss,high
118.82,1.68,71.3,53.27,1,1,high_latency,medium
24.32,0.84,96.3,80.0,1,1,normal,low
38.73,1.28,78.83,65.2,1,1,normal,low
82.81,3.31,45.33,28.28,1,1,high_latency,medium
89.03,19.28,67.01,45.66,1,1,packet_loss,high
37.65,1.3,71.36,53.89,1,1,normal,low
445.47,89.68,5.14,1.54,0,0,router_failure,high
63.26,6.3,50.88,36.54,1,1,packet_loss,high
467.74,90.14,1.88,0.38,0,0,router_failure,high
400.16,81.37,4.18,0.58,0,0,router_failure,high
37.77,1.04,87.1,67.02,1,1,normal,low
454.68,92.63,5.33,0.58,0,0,router_failure,high
8.1,0.29,71.36,58.16,1,1,normal,low
26.64,0.55,83.88,75.45,1,1,normal,low
17.87,0.95,89.01,76.29,1,1,normal,low
96.76,1.13,45.85,36.65,1,1,high_latency,medium
121.8,5.49,53.52,44.32,1,1,high_latency,medium
36.73,0.94,73.51,68.95,1,1,normal,low
243.99,85.75,6.57,4.84,0,0,router_failure,high
19.03,0.84,74.66,58.71,1,1,normal,low
169.66,89.82,9.27,0.53,0,0,router_failure,high
5.18,0.24,86.46,76.81,1,1,normal,low
491.37,96.34,8.53,4.69,0,0,router_failure,high
149.01,1.2,75.35,54.52,1,1,high_latency,medium
126.32,12.93,35.93,25.25,1,1,packet_loss,high
119.7,9.09,56.6,26.33,1,1,packet_loss,high
124.69,10.65,49.14,20.3,1,1,packet_loss,high
147.04,2.71,67.14,55.7,1,1,high_latency,medium
122.58,24.55,64.08,29.26,1,1,packet_loss,high
134.52,4.29,69.23,55.71,1,1,high_latency,medium
122.7,6.09,73.79,35.36,1,1,packet_loss,high
145.45,2.2,49.25,30.01,1,1,high_latency,medium
86.45,1.61,66.53,52.05,1,1,high_latency,medium
436.06,98.61,0.95,2.25,0,0,router_failure,high
221.51,90.16,4.19,0.09,0,0,router_failure,high
357.61,81.07,4.55,3.37,0,0,router_failure,high
100.75,4.4,52.64,43.95,1,1,high_latency,medium
19.84,1.1,98.03,91.67,1,1,normal,low
9.19,1.34,87.81,77.78,1,1,normal,low
144.44,15.81,34.34,16.65,1,1,packet_loss,high
149.03,21.97,49.02,24.8,1,1,packet_loss,high
75.55,3.6,47.37,37.42,1,1,high_latency,medium
117.23,19.37,41.13,25.67,1,1,packet_loss,high
129.66,2.01,78.53,51.86,1,1,high_latency,medium
313.21,81.51,3.88,4.02,0,0,router_failure,high
395.4,93.6,4.08,0.08,0,0,router_failure,high
32.71,1.18,72.74,61.74,1,1,normal,low
152.87,17.04,70.16,38.95,1,1,packet_loss,high
118.88,3.06,74.4,61.0,1,1,high_latency,medium
10.46,0.23,71.74,66.24,1,1,normal,low
290.84,97.69,8.96,4.55,0,0,router_failure,high
390.82,82.41,9.39,0.91,0,0,router_failure,high
162.68,15.43,32.86,22.71,1,1,packet_loss,high
24.22,1.07,89.81,72.38,1,1,normal,low
33.1,0.01,80.0,66.37,1,1,normal,low
23.16,1.05,80.91,76.41,1,1,normal,low
182.42,94.97,9.15,2.17,0,0,router_failure,high
115.67,24.44,57.38,29.97,1,1,packet_loss,high
119.57,4.25,50.32,28.6,1,1,high_latency,medium
93.64,4.85,66.86,44.44,1,1,high_latency,medium
149.95,1.24,79.2,53.23,1,1,high_latency,medium
37.95,0.58,98.84,92.02,1,1,normal,low
142.06,3.11,54.69,39.8,1,1,high_latency,medium
194.1,83.93,9.51,0.88,0,0,router_failure,high
122.09,13.61,44.26,24.44,1,1,packet_loss,high
83.08,2.96,78.93,49.52,1,1,high_latency,medium
240.55,88.69,7.23,0.05,0,0,router_failure,high
15.1,0.53,91.57,74.12,1,1,normal,low
37.88,1.34,87.94,82.17,1,1,normal,low
91.52,4.99,55.86,38.35,1,1,high_latency,medium
100.87,6.43,48.43,24.65,1,1,packet_loss,high
73.47,4.17,78.3,57.2,1,1,high_latency,medium
118.62,3.56,53.07,32.0,1,1,high_latency,medium
8.56,0.23,77.38,60.52,1,1,normal,low
428.68,85.44,6.92,1.32,0,0,router_failure,high
355.92,87.95,9.74,2.72,0,0,router_failure,high
130.3,17.5,33.23,21.23,1,1,packet_loss,high
403.21,90.71,8.36,4.11,0,0,router_failure,high
91.59,5.13,62.44,35.78,1,1,high_latency,medium
481.36,88.0,7.83,1.33,0,0,router_failure,high
101.68,23.0,30.98,19.59,1,1,packet_loss,high
423.69,95.03,8.03,2.59,0,0,router_failure,high
30.64,0.32,70.94,56.92,1,1,normal,low
132.85,17.63,56.63,36.58,1,1,packet_loss,high
250.28,96.05,9.97,0.15,0,0,router_failure,high
131.88,7.3,34.22,24.59,1,1,packet_loss,high
134.69,20.63,56.02,25.29,1,1,packet_loss,high
26.7,0.8,96.82,87.88,1,1,normal,low
483.02,96.77,8.05,4.11,0,0,router_failure,high
68.77,17.45,74.15,34.6,1,1,packet_loss,high
114.34,1.03,71.63,40.16,1,1,high_latency,medium
107.76,11.06,32.96,15.82,1,1,packet_loss,high
162.07,16.22,53.55,23.57,1,1,packet_loss,high
25.19,0.74,75.86,67.85,1,1,normal,low
119.28,1.94,57.44,45.1,1,1,high_latency,medium
155.35,5.69,56.23,42.08,1,1,packet_loss,high
442.99,92.39,5.63,3.12,0,0,router_failure,high
146.21,22.25,38.07,25.89,1,1,packet_loss,high
89.97,3.45,52.74,44.64,1,1,high_latency,medium
15.88,0.49,91.89,80.63,1,1,normal,low
79.38,1.63,68.99,46.85,1,1,high_latency,medium
80.25,2.69,77.48,47.84,1,1,high_latency,medium
5.7,0.48,76.34,62.26,1,1,normal,low
149.59,1.87,58.87,45.77,1,1,high_latency,medium
272.79,87.25,8.06,1.64,0,0,router_failure,high
6.17,0.85,92.87,85.94,1,1,normal,low
126.72,1.53,64.86,40.66,1,1,high_latency,medium
330.23,83.23,0.84,0.1,0,0,router_failure,high
91.05,2.8,48.07,39.95,1,1,high_latency,medium
115.75,3.94,51.46,33.89,1,1,high_latency,medium
138.35,3.46,53.65,43.52,1,1,high_latency,medium
481.36,82.12,1.55,4.72,0,0,router_failure,high
87.05,1.16,67.81,44.79,1,1,high_latency,medium
65.78,12.2,73.06,42.02,1,1,packet_loss,high
25.79,0.57,99.1,91.01,1,1,normal,low
104.38,6.05,64.54,35.22,1,1,packet_loss,high
354.12,91.86,3.55,0.26,0,0,router_failure,high
35.04,0.64,92.53,83.36,1,1,normal,low
101.08,3.24,53.31,35.29,1,1,high_latency,medium
18.11,0.94,85.09,78.4,1,1,normal,low
116.59,4.74,73.41,54.83,1,1,high_latency,medium
89.77,1.8,75.51,46.5,1,1,high_latency,medium
6.28,0.71,86.95,66.35,1,1,normal,low
148.77,5.69,46.51,27.88,1,1,high_latency,medium
25.45,1.35,71.36,57.53,1,1,normal,low
113.29,17.52,52.0,28.11,1,1,packet_loss,high
35.21,0.93,79.93,60.96,1,1,normal,low
155.11,23.16,72.47,53.34,1,1,packet_loss,high
25.24,0.05,83.97,72.09,1,1,normal,low
7.01,0.82,83.25,77.21,1,1,normal,low
132.91,1.45,59.62,48.51,1,1,high_latency,medium
269.67,90.55,2.12,4.98,0,0,router_failure,high
136.2,4.67,71.93,39.8,1,1,high_latency,medium
36.69,0.14,79.58,74.81,1,1,normal,low
